{
  "$schema": "http://json-schema.org/draft-04/schema#",
  
  "type":"object",
  
  "properties": {
    "id": {"$ref":"common.json#/definitions/id"},
    "name": {"$ref":"common.json#/definitions/name"},
    "description": {"$ref":"common.json#/definitions/description"},
    "group": {"$ref":"common.json#/definitions/id"},
    "region_definitions": {
      "type": "array",
      "items": {"$ref": "regiondefinition.json"}
    },
    "attribute_definition_groups": {
      "type": "array",
      "items": {"$ref": "attributedefinitiongroup.json"}
    }
  },
  "required": ["id","region_definitions","attribute_definition_groups", "group"],
  "additionalProperties": false
}